"","Job_Title","Company","Location","Links"
"1",NA,NA,NA,NA
"2","Intern - Data Science, Marketing Analytics (10 weeks)","McKinsey & Company","Atlanta, GA","/rc/clk?jk=70a071b8ad29b8ca&fccid=6576e7250aa78c3c&vjs=3"
"3","Data Scientist, Customer Experience","Honeywell","Atlanta, GA 30308 (Midtown area)","/rc/clk?jk=f3c1307916749763&fccid=50208b5bf45ee3b8&vjs=3"
"4","Data Scientist, Customer Intelligence - Opportunity for Working Remotely Atlanta, GA","VMware","Atlanta, GA 30328","/rc/clk?jk=cf83222c94e87302&fccid=c762a27145bd166e&vjs=3"
"5","Data Scientist","Daimler","Atlanta, GA 30328","/rc/clk?jk=9533458eaaa62700&fccid=b25343f021fb51d7&vjs=3"
"6","Associate Data Scientist - Decision Analytics","Home Depot / THD","Atlanta, GA 30301 (Buckhead area)","/rc/clk?jk=dfa4f103ec6c56ed&fccid=82e58e9861d48566&vjs=3"
"7","Data Scientist, Machine Learning Engineer","Next Insurance","Atlanta, GA","/rc/clk?jk=1f02c421ab26df8f&fccid=332867063ca4196c&vjs=3"
"8","Senior Data Scientist","Splunk","Atlanta, GA 30301 (Buckhead area)","/rc/clk?jk=85a6f6d2cc9d4bbe&fccid=aef928e89977f7f0&vjs=3"
"9","Data Scientist w/Python and/or Palantir REMOTE","Shine Systems","Atlanta, GA 30319","/rc/clk?jk=949f0cbff3bd1730&fccid=71a3b3db8c603fbd&vjs=3"
"10","Principal Data Scientist","Splunk","Atlanta, GA 30301 (Buckhead area)","/rc/clk?jk=2ac6ae7d2831ea3d&fccid=aef928e89977f7f0&vjs=3"
"11","Advanced Data Scientist","Honeywell","Atlanta, GA 30308 (Midtown area)","/rc/clk?jk=f49221ac02d7ed3d&fccid=50208b5bf45ee3b8&vjs=3"
"12","Data Scientist","Contus","Atlanta, GA","/rc/clk?jk=fbea40452ef1a258&fccid=5fe41c4185708d63&vjs=3"
"13","Data Analyst/Data Scientist","Vanderlande Industries","Atlanta, GA","/rc/clk?jk=ece2f06740a3741b&fccid=9b9f0bf4b54e4b3d&vjs=3"
"14","Data Scientist","RELX Group","Alpharetta, GA","/rc/clk?jk=0eb46fa45aecb221&fccid=06206ab329e0eb22&vjs=3"
"15","Launch Data Specialist","Rubicon","Atlanta, GA 30326 (Lenox area)","/rc/clk?jk=c353ac8772a7a2b9&fccid=8d8bde4f3caaae53&vjs=3"
"16","Global Recruiting Data Scientist","The Boston Consulting Group","Atlanta, GA","/rc/clk?jk=7c725dc85f6a89f9&fccid=b95f9eb47968fa13&vjs=3"
"17","Data Scientist, Operations Decision Science","Delta","Atlanta, GA","/rc/clk?jk=1cb59dd5ec8baf28&fccid=3f721eb1d31080a6&vjs=3"
"18","Data scientist","Protos IT","Atlanta, GA 30333","/company/protosit/jobs/Data-Scientist-c6d95cd918ad1764?fccid=9b65332259744a0f&vjs=3"
"19","Data Scientist - Nationwide Opportunities","Amazon Web Services, Inc.","Atlanta, GA","/rc/clk?jk=2e6228c80a1e7313&fccid=fe2d21eef233e94a&vjs=3"
"20","Senior Associate, Data Scientist Optimization","KPMG","Atlanta, GA 30308 (Downtown area)","/rc/clk?jk=f419bc6b06a81356&fccid=2dd390c3a48a7ed0&vjs=3"
"21","Data Scientist","Codoxo","Atlanta, GA","/rc/clk?jk=6313e0104d6825c0&fccid=88df7112804301b7&vjs=3"
"22","Environmental Data Manager/Data Scientist (Entry Level)","ERM Group","Atlanta, GA","/rc/clk?jk=43c219a6d701388b&fccid=3f0d5695925aa6ba&vjs=3"
"23","Specialist Sr. Associate - ML Pipelines for AI Data Scientist","Brilliant Infotech","Atlanta, GA 30308 (Downtown area)","/company/Brilliant-Infotech-Inc./jobs/Specialist-Senior-Associate-18f52c2d006da285?fccid=f7e3a741e5126bf9&vjs=3"
"24","Data Scientist- Cloud Pak for Security","IBM","Sandy Springs, GA","/rc/clk?jk=36d45644e3f2d9ba&fccid=de71a49b535e21cb&vjs=3"
"25","Security Data Scientist","Microsoft","Atlanta, GA","/rc/clk?jk=b4e3ca4730508f82&fccid=734cb5a01ee60f80&vjs=3"
"26","Senior-Data Scientist","AT&T","Alpharetta, GA","/rc/clk?jk=9000881d6788a58d&fccid=25b5166547bbf543&vjs=3"
"27","Senior Data Scientist - Defense Analytics","McKinsey & Company","Atlanta, GA","/rc/clk?jk=dae419aa3239ec91&fccid=6576e7250aa78c3c&vjs=3"
"28","Senior Data Scientist","Honeywell","Atlanta, GA 30308 (Midtown area)","/rc/clk?jk=c061b7bc1e3a18e5&fccid=50208b5bf45ee3b8&vjs=3"
"29","Data Scientist","CyberCoders","Atlanta, GA 30314 (West End area)","/pagead/clk?mo=r&ad=-6NYlbfkN0CpFJQzrgRR8WqXWK1qKKEqALWJw739KlKqr2H-MSI4eh4ZOxqVaUrhNSyjVEAq5t7HtcOUSrkeIUBjx2O6_VA5GcgZXlSYyMkjTZYbFrNN7sDV0-EwJq5Ln98fhbl9vb2fnxqLzP4TZuZQYPW1C226SZWbtJ959Gc4NkXP_1YYIaKnAIdMzJ1SDOG8tS8ohck3AqDwHR4-M6Nc6U--d4lmGr8dxVzz5LgCdFoYyxzGv4jlb-cvz5iVJcnhj6eZjnDeZL7rtZ1Eb0cDmm6_JriVpDEpvxX7XcyIo1KDnN236mImO7h48g0GTsn-1RFFKvVfEMWlmNvaSF8GmIhy8CRP3qOxZztTt-SxLIIjC7fuFQOonZwJX0N6kuvX7zxueT_8U3syJC0EsZlI4EoCCMs1vMuEzuojUCQwC58dJHgRekmTdd09xb9tqyBpxS1Lukt3PPoVGG6-ht4S_YxbFdKLqOuVzVcHA0wg6bTp1sHx7FLCTvNNC3S2l0MTSKmWGZOsPaVqX_nji7IIqp9oRWdozLzl7vAphZyUkoEtTN5qluROJWrMrV0c4z-TGgBjfyUcKziZJAaqwt3wRWX8s_ELVfGVUiOpprWJPVW3on4VHZC8G6hCkkooF827bQda5BEmxSYnqtO4irg8QVxJRB0PmdX09NTn3dHtC8dw0DCUbZFmPhNA_lyFKyW709qpru5g5c3p8QRCgHOVYyP_ej7v9LyTRAcSXF75d01w2866pETp8f3vaxY4OQeNYH97-vR3sfspPZ5A8HY-LaZKffwRSstLfypX9qX-gGrLwxzLfT0EhzEhA5Bj2ve6DLOBCEAYNuspyDVgJHKgBBL9dns6ol_KQXDTR2RLfNzlHqERByKhl-ATaVP6jBm4SPI-UGTpkkRMHDneWlXL0UIRtjyF_PIn4xlxqo5dSCTEQAKPrt6SUcekRKipL-PtKWxB3rwOeJPs1A0OgA==&p=12&fvj=0&vjs=3"
"30","Senior Data Scientist","Verusen","Atlanta, GA 30308 (Midtown area)","/rc/clk?jk=7532d435ba081f84&fccid=4533445e9bf66d49&vjs=3"
"31","Data Analytics Intern I- Undergrad","Anthem","Atlanta, GA","/rc/clk?jk=47943f8593218b75&fccid=2a4da7fa99f4b9ae&vjs=3"
"32","Senior Data Scientist","Honeywell","Atlanta, GA 30308 (Midtown area)","/rc/clk?jk=c061b7bc1e3a18e5&fccid=50208b5bf45ee3b8&vjs=3"
"33","Data Analytics Intern I- Undergrad","Anthem","Atlanta, GA","/rc/clk?jk=47943f8593218b75&fccid=2a4da7fa99f4b9ae&vjs=3"
"34","Climate Data Scientist - Senior Manager","Deloitte","Atlanta, GA 30303 (Downtown area)","/rc/clk?jk=7b149fc8094e0a67&fccid=9e215d88a6b33622&vjs=3"
"35","Data Scientist/Sr. Data Scientist","UCB S.A.","Smyrna, GA","/rc/clk?jk=8ef38725427990cd&fccid=33684b64e937e3af&vjs=3"
"36","Senior Data Scientist, Online Recommendation","Home Depot / THD","Atlanta, GA 30301 (Buckhead area)","/rc/clk?jk=dca7782d635ea0a2&fccid=82e58e9861d48566&vjs=3"
"37","Data Scientist - Nationwide Opportunities","Amazon Web Services, Inc.","Atlanta, GA","/rc/clk?jk=20b6e44a7d8d7ad5&fccid=fe2d21eef233e94a&vjs=3"
"38","Vice President, Data Science (Atlanta, GA)","BlackRock","Atlanta, GA","/rc/clk?jk=aee797c451a1c2a6&fccid=58c732f14833248a&vjs=3"
"39","Business Marketing Data Scientist","Serta Simmons Bedding, LLC","Doraville, GA","/rc/clk?jk=0d2d76d837181c26&fccid=9f47810177ecb763&vjs=3"
"40","Associate, Data Scientist, Optimization","KPMG","Atlanta, GA 30308 (Downtown area)","/rc/clk?jk=bcdb90e9e7bc0a88&fccid=2dd390c3a48a7ed0&vjs=3"
"41","Principal Data Scientist","Anthem","Atlanta, GA","/rc/clk?jk=b9b994e152396ca7&fccid=2a4da7fa99f4b9ae&vjs=3"
"42","Sr Data Scientist","CEDENT","Atlanta, GA","/rc/clk?jk=3b2c61a5d90a65ae&fccid=2ecf4575019bf07a&vjs=3"
"43","Data Scientist","The RiverStone Group","Atlanta, GA 30339","/rc/clk?jk=6b93ecd3954ffeee&fccid=6a3ee93ca85c3d88&vjs=3"
"44","AI Engineer","Delta","Atlanta, GA","/rc/clk?jk=4e75fdeea9fa2e4c&fccid=3f721eb1d31080a6&vjs=3"
"45","Senior Data Scientist","Deloitte","Atlanta, GA 30303 (Downtown area)","/rc/clk?jk=235e71877eb8ae11&fccid=9e215d88a6b33622&vjs=3"
"46","Data Scientist, Radio & Music Informatics Science","SiriusXM","Atlanta, GA 30361 (Midtown area)","/rc/clk?jk=a02fc4882cdd82bf&fccid=25039f950f78d541&vjs=3"
"47","AI Engineer","Delta","Atlanta, GA","/rc/clk?jk=4e75fdeea9fa2e4c&fccid=3f721eb1d31080a6&vjs=3"
"48","Senior Data Scientist","Deloitte","Atlanta, GA 30303 (Downtown area)","/rc/clk?jk=235e71877eb8ae11&fccid=9e215d88a6b33622&vjs=3"
"49","Data Scientist, Radio & Music Informatics Science","SiriusXM","Atlanta, GA 30361 (Midtown area)","/rc/clk?jk=a02fc4882cdd82bf&fccid=25039f950f78d541&vjs=3"
"50","Technology Analyst Program - Application Development, Cyber Security, Infrastructure Engineering, Data Science and IT Project Management – Opportunities Available","Fiserv, Inc.","Alpharetta, GA","/rc/clk?jk=edbd1ed94cd93266&fccid=1ea0475711674f3b&vjs=3"
"51","Principal Data Scientist (Clinical Data Management)","Premier Research","Atlanta, GA 30313 (Downtown area)","/rc/clk?jk=f6d6b44220de03bf&fccid=ecf3f75dc407062d&vjs=3"
"52","Robotic Researcher/Scientist - Machine Learning / Deep Learning","Dorabot Inc.","Peachtree Corners, GA 30071","/company/Dorabot-Inc./jobs/Robotic-Researcher-Scientist-303a996ff8c7ff4d?fccid=a7a8cf8af8b74072&vjs=3"
"53","Lead Data Scientist","Honeywell","Atlanta, GA 30308 (Midtown area)","/rc/clk?jk=43ec3848f274e8b2&fccid=50208b5bf45ee3b8&vjs=3"
"54","Lead Data Scientist","New Relic","Atlanta, GA 30301 (Buckhead area)","/rc/clk?jk=dc7fb87772072b2b&fccid=ade8cd847c0482cd&vjs=3"
"55","Senior Data Analyst","LeasePlan","Atlanta, GA","/rc/clk?jk=eaff28c94d29aff2&fccid=3dc6137bb6f4119b&vjs=3"
"56","Senior Data Analyst (2021-1470)","AtriumWorks LLC","Atlanta, GA 30328","/rc/clk?jk=450e8053dad219bc&fccid=60cfed0d4a0a7a0c&vjs=3"
"57","Sales Operations Analyst E, FIS University Program","FIS Global","Atlanta, GA 30363 (Buckhead area)","/rc/clk?jk=7fc1063c498c2476&fccid=74e36d81c894b4b7&vjs=3"
"58","Machine Learning and Data Engineer","Slalom Consulting","Atlanta, GA 30326 (North Buckhead area)","/rc/clk?jk=8fdc035df8b2b6f4&fccid=a321096b9f1b3c50&vjs=3"
"59","Data Scientist - Utility Analytics","Koch Engineered Solutions","Atlanta, GA 30303 (Five Points area)","/rc/clk?jk=f12855035974a9f6&fccid=735667c8ff2f1a48&vjs=3"
"60","2021 Data Science Intern","Cox Automotive","Atlanta, GA 30319","/rc/clk?jk=bad2fe15ac82fa5a&fccid=7e465a3d521b3ac3&vjs=3"
"61","Data Scientist","Aderant","Atlanta, GA 30350","/rc/clk?jk=5ef90fce762b3411&fccid=974ca008ac4d825a&vjs=3"
"62","2021 Data Science Intern","Cox Automotive","Atlanta, GA 30319","/rc/clk?jk=bad2fe15ac82fa5a&fccid=7e465a3d521b3ac3&vjs=3"
"63","Data Scientist","Aderant","Atlanta, GA 30350","/rc/clk?jk=5ef90fce762b3411&fccid=974ca008ac4d825a&vjs=3"
"64","Senior Business Consultant - Data Scientist","TCS","Atlanta, GA","/rc/clk?jk=e7c3a0e6cecb6fe3&fccid=c78fdfc4443d4537&vjs=3"
"65","Sr. Financial Reporting Data Analyst/Specialist","Federal Reserve Bank of Atlanta","Atlanta, GA 30309 (Midtown area)","/rc/clk?jk=edb1308d0fd0818d&fccid=e71caef2ef515c40&vjs=3"
"66","Data Scientist - Data & AI CoE","Avanade","Atlanta, GA","/rc/clk?jk=85721aaea54a7683&fccid=5386281035076fdf&vjs=3"
"67","Sr. Project Manager, Decision Science","Delta","Atlanta, GA","/rc/clk?jk=5d5524fa7b91ca95&fccid=3f721eb1d31080a6&vjs=3"
"68","Decision Scientist II","Truist Financial","Atlanta, GA 30309 (Midtown area)","/rc/clk?jk=2cb17f118ff23c5f&fccid=035229327af06091&vjs=3"
"69","Data Scientist","OneTrust","Atlanta, GA 30328","/rc/clk?jk=b5b7ff83d355bafe&fccid=42362110adba23c5&vjs=3"
"70","Senior Data Scientist","ketteQ","Atlanta, GA 30339","/rc/clk?jk=bfe279ba74c376d0&fccid=3242300b45f49c6e&vjs=3"
"71","Sr Data Scientist","NCR","Atlanta, GA","/rc/clk?jk=336acea4e816aec7&fccid=50597ebf467edd46&vjs=3"
"72","Data Scientist (100% Remote)","CompuGain","Atlanta, GA 30333","/rc/clk?jk=21f3904d05156a28&fccid=ff18f364027a8aaa&vjs=3"
"73","Statistician (SAS)","ICF","Atlanta, GA","/rc/clk?jk=78cf2d6c7290cb9c&fccid=e290923a98afee94&vjs=3"
"74","Senior Associate - Data Science and Analytics","Publicis Sapient","Atlanta, GA 30313 (Downtown area)","/rc/clk?jk=64d3aa9c1b48fc1d&fccid=1b0043cf80779505&vjs=3"
"75","Data Scientist","Seek Now","Atlanta, GA","/rc/clk?jk=435b4e293e798125&fccid=f3318349d9a0a91f&vjs=3"
"76","Sr. Healthcare Data Analyst","Certified Technical Experts, Inc.","Atlanta, GA 30333","/rc/clk?jk=71608bdef334f602&fccid=be83185803f9f8e7&vjs=3"
"77","Web and Data Science DevOps","ETI Software Solutions","Norcross, GA","/rc/clk?jk=c33e4ba12812f842&fccid=a2094224978c9e2e&vjs=3"
"78","Sr. Data Analyst","Spartan Technologies","Atlanta, GA","/rc/clk?jk=7ecf0d950c06c3de&fccid=d4243aec81760af8&vjs=3"
"79","Data Engineer","Deloitte","Atlanta, GA 30303 (Downtown area)","/rc/clk?jk=71317de7673d903c&fccid=9e215d88a6b33622&vjs=3"
"80","Data Engineer","Codoxo","Atlanta, GA","/rc/clk?jk=d66cf1b83b0e3666&fccid=88df7112804301b7&vjs=3"
"81","Sr. Healthcare Data Analyst","Certified Technical Experts, Inc.","Atlanta, GA 30333","/rc/clk?jk=71608bdef334f602&fccid=be83185803f9f8e7&vjs=3"
"82","Senior Data Analyst","SageSure","Atlanta, GA","/rc/clk?jk=003013a3b37ae830&fccid=1a8fb53423be4440&vjs=3"
"83","Distinguished Data Scientist - Personalization","Verizon","Alpharetta, GA 30022","/rc/clk?jk=0fca2e528229e175&fccid=f7029f63fe5c906e&vjs=3"
"84","Senior Manager Data Science - Advanced Analytics","Norfolk Southern Corp","Atlanta, GA 30318","/rc/clk?jk=f537e13ab58d8217&fccid=2fc6cbacc7119b63&vjs=3"
"85","Analytics / Data Science Consultant","Kaiser Permanente","Atlanta, GA","/rc/clk?jk=8a25c03d8850520d&fccid=48ecd526e3aa3225&vjs=3"
"86","Senior Data Analyst (Information Technology)","Atlanta Public Schools","Atlanta, GA","/rc/clk?jk=b5e6d8397de13941&fccid=7cc9cddddb564bb9&vjs=3"
"87","Technology Analyst Program - Cyber, Infrastructure, Data Science, IT Project Management - Alpharetta / Marietta","Fiserv, Inc.","Alpharetta, GA","/rc/clk?jk=b3e84425279178ae&fccid=1ea0475711674f3b&vjs=3"
"88","Machine Learning Modeler, Growth","Square","Atlanta, GA","/rc/clk?jk=222835bc3688954a&fccid=09abad886b83c501&vjs=3"
"89","Sr. Pricing Analyst/Data Scientist","NAPA Auto Parts","Atlanta, GA 30339","/rc/clk?jk=0bd8284734ee1a90&fccid=3cb85b9ae156e8d0&vjs=3"
"90","Senior Data Analyst MDM","Serta Simmons Bedding, LLC","Doraville, GA","/company/Serta-Simmons-Bedding/jobs/Senior-Data-Analyst-Mdm-9ceee5314ae75c8f?fccid=9f47810177ecb763&vjs=3"
"91","Senior Director/Director, Data Science","Visa","Atlanta, GA","/rc/clk?jk=418eeb224d6fc468&fccid=a3f737e511d9fc8c&vjs=3"
"92","Senior Manager Data Science - Advanced Analytics","Norfolk Southern Corp","Atlanta, GA 30318","/rc/clk?jk=f537e13ab58d8217&fccid=2fc6cbacc7119b63&vjs=3"
"93","Senior Data Scientist","Aderant","Atlanta, GA 30350","/rc/clk?jk=e01e2788addf34c8&fccid=974ca008ac4d825a&vjs=3"
"94","Robotic Researcher/Scientist - Machine Learning / Deep Learning","Shenzhen Dorabot","Atlanta, GA","/rc/clk?jk=ef6ec51792196447&fccid=8816cc399be28a12&vjs=3"
"95","AI/ML Health Data Scientist – Senior Consultant","Guidehouse","Atlanta, GA 30309 (Midtown area)","/rc/clk?jk=0122954b1f0e8a92&fccid=b8fdf400786b78b1&vjs=3"
"96","Data Scientist(Machine Learning,Deep Learning,Python,R)- USC/ GC (TX,GA,NY)","Brilliant Infotech","Atlanta, GA","/company/Brilliant-Infotech-Inc./jobs/Data-Scientist-1abde5418821db73?fccid=f7e3a741e5126bf9&vjs=3"
"97","Data/ETL Test Lead","Capgemini","Atlanta, GA 30328","/rc/clk?jk=5f2b84e41fde0fd2&fccid=105ecfd0283f415f&vjs=3"
"98","Senior Data Analyst","Bitcoin Depot","Atlanta, GA","/rc/clk?jk=ba62e0cdfd25f24e&fccid=fea8b2b81be27766&vjs=3"
"99","Data Engineer","Deloitte","Atlanta, GA 30303 (Downtown area)","/rc/clk?jk=71317de7673d903c&fccid=9e215d88a6b33622&vjs=3"
"100","Senior Data Analyst (Information Technology)","Atlanta Public Schools","Atlanta, GA","/rc/clk?jk=b5e6d8397de13941&fccid=7cc9cddddb564bb9&vjs=3"
"101","Web and Data Science DevOps","ETI Software Solutions","Norcross, GA","/rc/clk?jk=c33e4ba12812f842&fccid=a2094224978c9e2e&vjs=3"
"102","Lead Data Analyst / Data Scientist / Analytics / BI Consultant","CEDENT","Atlanta, GA","/rc/clk?jk=62725598bdbf9652&fccid=2ecf4575019bf07a&vjs=3"
"103","Data Governance and Quality – Analytics & Cognitive, Consultant","Deloitte","Atlanta, GA 30303 (Downtown area)","/rc/clk?jk=b883a93f21ffbf01&fccid=9e215d88a6b33622&vjs=3"
"104","Chief Data Scientist","Seek Now","Atlanta, GA","/rc/clk?jk=e8425883dc431930&fccid=f3318349d9a0a91f&vjs=3"
"105","Data Scientist Lead (Contract to Hire)","CO-OP Financial Services","Alpharetta, GA","/rc/clk?jk=38f7fcc02a63ffd8&fccid=085fae7e48252893&vjs=3"
"106","Senior Data Engineer","Capgemini","Atlanta, GA 30328","/rc/clk?jk=62a308c002f638b6&fccid=105ecfd0283f415f&vjs=3"
"107","Senior Data Analyst","Agile","Atlanta, GA","/rc/clk?jk=37b987ee49e1ef72&fccid=72d69a7225c5a959&vjs=3"
"108","Lead Data Analyst / Data Scientist / Analytics / BI Consultant","CEDENT","Atlanta, GA","/rc/clk?jk=62725598bdbf9652&fccid=2ecf4575019bf07a&vjs=3"
"109","Machine Learning Modeler, Growth","Square","Atlanta, GA","/rc/clk?jk=222835bc3688954a&fccid=09abad886b83c501&vjs=3"
"110","Senior Data Analyst, BI (QuoteCenter)","Home Depot / THD","Atlanta, GA 30301 (Buckhead area)","/rc/clk?jk=b5ed7be90f4ed615&fccid=82e58e9861d48566&vjs=3"
"111","Software Developer - Big Data Development","State Farm","Dunwoody, GA 30346","/rc/clk?jk=e0c1975b9bd3d9d0&fccid=d2310af9b3bb8585&vjs=3"
"112","Full Stack Developer, Decision Science","Delta","Atlanta, GA","/rc/clk?jk=84d867ac52747876&fccid=3f721eb1d31080a6&vjs=3"
"113","Senior Data Analyst, Transportation Analytics","Home Depot / THD","Atlanta, GA 30301 (Buckhead area)","/rc/clk?jk=b15bb58cb7516b9e&fccid=82e58e9861d48566&vjs=3"
"114","Sr. Data Scientist - Utility Analytics","Koch Engineered Solutions","Atlanta, GA 30303 (Five Points area)","/rc/clk?jk=130fb69666ab38f5&fccid=735667c8ff2f1a48&vjs=3"
"115","Data Scientist Lead (Contract to Hire)","CO-OP Financial Services","Alpharetta, GA","/rc/clk?jk=38f7fcc02a63ffd8&fccid=085fae7e48252893&vjs=3"
"116","Senior Data Analyst - Capacity Management","Cisco Systems","Atlanta, GA","/rc/clk?jk=83f569ca8247cd1e&fccid=dfc44f3b8c44a6db&vjs=3"
"117","Mathematical Statistician (Direct Hire)","Centers for Disease Control and Prevention","Atlanta, GA 30329","/rc/clk?jk=6eeea12636bdb44c&fccid=3e901f592b439cea&vjs=3"
"118","Sr. Data Scientist","Georgia-Pacific","Atlanta, GA 30308 (Midtown area)","/rc/clk?jk=92f811d43f1b8bd5&fccid=f6b5ad8b9dfbe57b&vjs=3"
"119","Senior Associate, Data Scientist, Intelligent Forecasting","KPMG","Atlanta, GA 30308 (Downtown area)","/rc/clk?jk=726fccda963058f7&fccid=2dd390c3a48a7ed0&vjs=3"
"120","Senior Data Analyst","Sovos Compliance","Atlanta, GA 30301 (Buckhead area)","/rc/clk?jk=64c6d898e5450e88&fccid=9bfefbc2c3bb984d&vjs=3"
"121","Data Scientist","CyberCoders","Atlanta, GA 30314 (West End area)","/pagead/clk?mo=r&ad=-6NYlbfkN0CpFJQzrgRR8WqXWK1qKKEqALWJw739KlKqr2H-MSI4eh4ZOxqVaUrhNSyjVEAq5t7HtcOUSrkeIUBjx2O6_VA5GcgZXlSYyMkjTZYbFrNN7sDV0-EwJq5Ln98fhbl9vb2fnxqLzP4TZuZQYPW1C226SZWbtJ959Gc4NkXP_1YYISQaYk-OE79FBoscPITolLksCunDN4GLd_JPdIriI36Xf3U2wRTOGntksvF2Mi39DdV_6fG8t-mjVsm5ZT3d8QmSK9X4BVJ7us_68N9eAE_RBPFkdFPNbogxSxHOAlhyq2SBDFsCuczFPGhYdAzQfgwFmoYY7ug4-dq3jtYrZJqGWvPMHOsGBiF7xzDAYVSHW5ZHfL6UF61usD9wLEKVUS9RRyfdcw5Drs-AuQTzOe2Swt-S89goyV_mtrCJxe-Bxgs17uw15A7CkYF5gDstjVZ7gcf_2GJY9U8-5pqNndwpMSbmR2J1WY506Al_T-nsELmHqTOhT3XA_UUGY3176oIQTi4lTm0xZM4RkOGO8cKW4Zy3UpQ6p3JYIsRuaTMN4OCuV3BfWjoOakBRSbQbx2BR-t4fi2womKm28MPWNejMf0E4im5L2ggoS7JwXR1tUxWdquTMYLiv0cKLcWeEUgW8zhSZ6cYGhdflcRJ7TtBDwZYykmV0RgrJqGht7CI91J5fFGNxIdS1K16mv8_ZbbaXB6CpW4m20Qg--cY8OdUSSsIMkwebI9ezgnhyKP_Th8pSbCjd_bbidGI2WDaUymvbxMxHThqCEx3ECdEcSXF3_xWMN2qFodE2pKJYxuBMgUAGxtg2MioT8jMKiT6TO7_ThpzR8-Vu44HB12nUROhBZLaG3v7c-oCBarnZVyvQBxQCURI2OlAcn1Ca3hrPg19zfJpUw7MJ_M6xwit5h1ae0BmSoSsy_-t8tO0rd52N1GinkObeqE1_k8Quw4tO61h1oQbBdvh_KA==&p=14&fvj=0&vjs=3"
"122","Senior Manager, Data Science","Aaron's","Atlanta, GA","/rc/clk?jk=351bf3a865a795bb&fccid=9b16649713f63006&vjs=3"
"123","Director, Data Science","Bain & Company Inc","Atlanta, GA 30309 (Midtown area)","/rc/clk?jk=03893d630e2e1c72&fccid=48270b2eee62c2c6&vjs=3"
"124","Data Engineer","Verizon","Alpharetta, GA 30022","/rc/clk?jk=be20511805d91655&fccid=f7029f63fe5c906e&vjs=3"
"125","Portfolio Architect, Decision Science","Delta","Atlanta, GA","/rc/clk?jk=919600279135c238&fccid=3f721eb1d31080a6&vjs=3"
"126","Lead Data Scientist (remote)","Thrivent","Atlanta, GA","/rc/clk?jk=24a67a94094eadf7&fccid=c40fae22b6a11e7d&vjs=3"
"127","Senior Data Analyst","Vimo Inc","Atlanta, GA 30339","/rc/clk?jk=a63e54aced2c38aa&fccid=58bee800abeb897d&vjs=3"
"128","Senior Data Scientist","CJ Affiliate","Atlanta, GA 30328","/rc/clk?jk=6b264656e66e72c4&fccid=6d92f77049ca232e&vjs=3"
"129","AI/ML Health Data Scientist – Managing Consultant","Guidehouse","Atlanta, GA 30309 (Midtown area)","/rc/clk?jk=6d0f6102ba334532&fccid=b8fdf400786b78b1&vjs=3"
"130","Senior Data Scientist & Analytics Engineer Job","Acuity Brands","Conyers, GA 30012","/rc/clk?jk=0183b597f0c1757d&fccid=7fafd2106b16b1de&vjs=3"
"131","Automation Developer - Data and Machine Learning Products Team","Turner","Atlanta, GA","/rc/clk?jk=9b47159a09659976&fccid=92b6ad9b1bd886b6&vjs=3"
"132","Statistician IV","Goldbelt, Inc.","Atlanta, GA","/company/Goldbelt,-Inc./jobs/Statistician-7eed97fdef757ab0?fccid=f7f5ab591aa9143d&vjs=3"
"133","Software Engineer, Machine Learning, Research","Google","Atlanta, GA","/rc/clk?jk=211ef4316d61ff2b&fccid=a5b4499d9e91a5c6&vjs=3"
"134","Senior Associate, AI, NLP D&A Modeler","KPMG","Atlanta, GA 30308 (Downtown area)","/rc/clk?jk=be7dd5205a43e01e&fccid=2dd390c3a48a7ed0&vjs=3"
"135","Data Scientist","Georgia-Pacific","Atlanta, GA 30308 (Midtown area)","/rc/clk?jk=7fbcbc0674f54601&fccid=f6b5ad8b9dfbe57b&vjs=3"
"136","Data Scientist","CyberCoders","Atlanta, GA 30314 (West End area)","/pagead/clk?mo=r&ad=-6NYlbfkN0CpFJQzrgRR8WqXWK1qKKEqALWJw739KlKqr2H-MSI4eh4ZOxqVaUrhNSyjVEAq5t7HtcOUSrkeIUBjx2O6_VA5GcgZXlSYyMkjTZYbFrNN7sDV0-EwJq5Ln98fhbl9vb2fnxqLzP4TZuZQYPW1C226SZWbtJ959Gc4NkXP_1YYIasuVPHjIgzOc6qMm_Pz7Cz8CsTLYGCLPHm9gN0lYuHFNCXUaTbEGAzhTQo1wobjpZWfEStBaP1lSXWiPW32gTCJmN_kKHOwsxuy9pUijbCCbp9HwFGCpxUexGSkxV-LahsoanxuTcbYh6z7wvIT9pH8xVCwRpuGwLOKQHdaYOccXbJiccPjtidHLx84FAHLeLiNd5SVIYNGfzKaBEUt0iXGbqMHMobXFB-zR750J24cH7WwqQESJbgmHQ9_hh6fFqKOJQWhXkv66wL5FXPxCzCKkncEgK2V9UVw2rpWhd8NZ_NQkA6HELAfb75DNbLnS22LXwh4S6RGDaMgaH4fm5nNil8N5FQAij6edSPrWPYyn406MdhgbNBEOyZ1ukeW4n-8jHUTo1_1Gwszyx4X3GQ4eTticwXjfgqetJhOiiE6QCwpNAZV-WfSU2EVxDMBfn0h7AaalKnFKgNv_i2tZcmzQCfy1YCTnZWcm_VJwzgHbrohHcSgBBOXA7vxmnUghZwuBd6xOwvydh5hy-UuC_1toGBPVLpyoNUCkZN76t0jcZNfFnzf2HuyDPyKJkhkJpyVac-qL9OMpOmAqzjPGAnhpOwYK_ji8eshVuYH0-nAkq-43l0j4vKqXsbxpb1Yn8kgZZ0DZRgA8Wprcvid-h0iVv_KYOQGae3FSdc35LNHjVdq1auWjga3vDTtcnNENYF3kB6kQdzoM8mz5zm-bQ2w1mP2VAwL39p_inAJFfkJWh5XfE4mQMhwGQpxTX_lZmXTeJ6wxuEZeOZxmZAnbjCo0Ve3rQSJ5A==&p=14&fvj=0&vjs=3"
"137","Data Scientist(Machine Learning,Deep Learning,Python,R)- USC/ GC (TX,GA,NY)","Brilliant Infotech","Atlanta, GA","/company/Brilliant-Infotech-Inc./jobs/Data-Scientist-1abde5418821db73?fccid=f7e3a741e5126bf9&vjs=3"
"138","Lead Developer (Data & Machine Learning Products Team)","Turner","Atlanta, GA","/rc/clk?jk=4bf1c440e60490cc&fccid=92b6ad9b1bd886b6&vjs=3"
"139","Data Architect","UCB S.A.","Atlanta, GA","/rc/clk?jk=1a4986fad6b11308&fccid=33684b64e937e3af&vjs=3"
"140","Conversational AI and VUI Designer, Consultant - Applied Artificial Intelligence","Deloitte","Atlanta, GA 30303 (Downtown area)","/rc/clk?jk=d4064d376622600f&fccid=9e215d88a6b33622&vjs=3"
"141","Lead Specialist, Federal Data Scientist","KPMG","Atlanta, GA 30308 (Downtown area)","/rc/clk?jk=5abd906d846842ab&fccid=2dd390c3a48a7ed0&vjs=3"
"142","Artificial Intelligence Manager/Group Manager, Advisory","Avanade","Atlanta, GA","/rc/clk?jk=48b87af4f412f7a2&fccid=5386281035076fdf&vjs=3"
"143","Sr IT Automation & Data Analyst","Honeywell","Atlanta, GA 30308 (Midtown area)","/rc/clk?jk=d9cc61fe67e833ee&fccid=50208b5bf45ee3b8&vjs=3"
"144","Data Scientist / Engineer - Machine Learning (Experienced) -- EOSL","Georgia Tech Research Institute","Atlanta, GA","/rc/clk?jk=6ef749112a495831&fccid=db25687464a9ecf6&vjs=3"
"145","Solution Architect - Data & Analytics","Deloitte","Atlanta, GA 30303 (Downtown area)","/rc/clk?jk=7eefd3333555ed24&fccid=9e215d88a6b33622&vjs=3"
"146","Robotic Researcher/Scientist - Machine Learning / Deep Learning","Shenzhen Dorabot","Atlanta, GA","/rc/clk?jk=ef6ec51792196447&fccid=8816cc399be28a12&vjs=3"
"147","ML Engineer","General Motors","Roswell, GA 30076","/rc/clk?jk=fa87184a83b84503&fccid=116680a29a847a70&vjs=3"
"148","Manager of Data Science","Calendly","Atlanta, GA","/rc/clk?jk=dfde29fa020ad451&fccid=88e1dcd0cd0bffc1&vjs=3"
"149","Machine Learning Engineer/Scientist - ATAS","Georgia Tech Research Institute","Atlanta, GA","/rc/clk?jk=f556ecf53a31c4e7&fccid=db25687464a9ecf6&vjs=3"
"150","Data Engineer","Verizon","Alpharetta, GA 30022","/rc/clk?jk=be20511805d91655&fccid=f7029f63fe5c906e&vjs=3"
"151","Senior Data Analyst","Feedzai","Atlanta, GA","/rc/clk?jk=abdd375fd38f4433&fccid=ad93a7e288dc7118&vjs=3"
