Company_Id,Company
152,NA
153,McKinsey & Company
154,Honeywell
155,VMware
156,Daimler
157,Home Depot 
158,Next Insurance
159,Splunk
160,Shine Systems
161,Splunk
162,Honeywell
163,Contus
164,Vanderlande Industries
165,RELX Group
166,Rubicon
167,The Boston Consulting Group
168,Delta
169,Protos IT
170,Amazon Web Services
171,KPMG
172,Codoxo
173,ERM Group
174,Brilliant Infotech
175,IBM
176,Microsoft
177,AT&T
178,McKinsey & Company
179,Honeywell
180,CyberCoders
181,Verusen
182,Anthem
183,Honeywell
184,Anthem
185,Deloitte
186,UCB SA
187,Home Depot 
188,Amazon Web Services
189,BlackRock
190,Serta Simmons Bedding
191,KPMG
192,Anthem
193,CEDENT
194,The RiverStone Group
195,Delta
196,Deloitte
197,SiriusXM
198,Delta
199,Deloitte
200,SiriusXM
201,Fiserv
202,Premier Research
203,Dorabot 
204,Honeywell
205,New Relic
206,LeasePlan
207,AtriumWorks LLC
208,FIS Global
209,Slalom Consulting
210,Koch Engineered Solutions
211,Cox Automotive
212,Aderant
213,Cox Automotive
214,Aderant
215,TCS
216,Federal Reserve Bank of Atlanta
217,Avanade
218,Delta
219,Truist Financial
220,OneTrust
221,ketteQ
222,NCR
223,CompuGain
224,ICF
225,Publicis Sapient
226,Seek Now
227,Certified Technical Experts
228,ETI Software Solutions
229,Spartan Technologies
230,Deloitte
231,Codoxo
232,Certified Technical Experts
233,SageSure
234,Verizon
235,Norfolk Southern Corp
236,Kaiser Permanente
237,Atlanta Public Schools
238,Fiserv
239,Square
240,NAPA Auto Parts
241,Serta Simmons Bedding
242,Visa
243,Norfolk Southern Corp
244,Aderant
245,Shenzhen Dorabot
246,Guidehouse
247,Brilliant Infotech
248,Capgemini
249,Bitcoin Depot
250,Deloitte
251,Atlanta Public Schools
252,ETI Software Solutions
253,CEDENT
254,Deloitte
255,Seek Now
256,COOP Financial Services
257,Capgemini
258,Agile
259,CEDENT
260,Square
261,Home Depot
262,State Farm
263,Delta
264,Home Depot 
265,Koch Engineered Solutions
266,COOP Financial Services
267,Cisco Systems
268,Centers for Disease Control and Prevention
269,Georgia Pacific
270,KPMG
271,Sovos Compliance
272,CyberCoders
273,Aaron's
274,Bain & Company Inc
275,Verizon
276,Delta
277,Thrivent
278,Vimo Inc
279,CJ Affiliate
280,Guidehouse
281,Acuity Brands
282,Turner
283,Goldbelt
284,Google
285,KPMG
286,Georgia Pacific
287,CyberCoders
288,Brilliant Infotech
289,Turner
290,UCB SA
291,Deloitte
292,KPMG
293,Avanade
294,Honeywell
295,Georgia Tech Research Institute
296,Deloitte
297,Shenzhen Dorabot
298,General Motors
299,Calendly
300,Georgia Tech Research Institute
301,Verizon
302,Feedzai
